[
null,
{"id":1,"expanded":true,"name":"MAP001","order":1,"parentId":0,"scrollX":807,"scrollY":427.5},
{"id":2,"expanded":false,"name":"MAP002","order":2,"parentId":0,"scrollX":452,"scrollY":336.6666666666667},
{"id":3,"expanded":false,"name":"MAP003","order":3,"parentId":0,"scrollX":832,"scrollY":640},
{"id":4,"expanded":false,"name":"Platform","order":4,"parentId":0,"scrollX":832,"scrollY":640},
{"id":5,"expanded":false,"name":"Jigsaw puzzle","order":5,"parentId":0,"scrollX":982.8,"scrollY":549.6},
{"id":6,"expanded":false,"name":"Sanity demo","order":6,"parentId":0,"scrollX":832,"scrollY":640},
{"id":7,"expanded":false,"name":"Tutorial","order":7,"parentId":0,"scrollX":817,"scrollY":447},
{"id":8,"expanded":false,"name":"MedusaLevel1","order":8,"parentId":0,"scrollX":819,"scrollY":461},
{"id":9,"expanded":false,"name":"MedusaLevel2","order":9,"parentId":0,"scrollX":819,"scrollY":461},
{"id":10,"expanded":false,"name":"MedusaLevel3","order":10,"parentId":0,"scrollX":595.6363636363636,"scrollY":319.6363636363636},
{"id":11,"expanded":true,"name":"MedusaLevelFinal","order":11,"parentId":0,"scrollX":817,"scrollY":447}
]