[
null,
null,
null,
null,
null,
null,
null,
{"id":7,"expanded":false,"name":"MedusaTutorial","order":1,"parentId":0,"scrollX":819,"scrollY":461},
{"id":8,"expanded":false,"name":"MedusaLevel1","order":2,"parentId":0,"scrollX":819,"scrollY":461},
{"id":9,"expanded":false,"name":"MedusaLevel2","order":3,"parentId":0,"scrollX":819,"scrollY":461},
{"id":10,"expanded":false,"name":"MedusaLevel3","order":4,"parentId":0,"scrollX":819,"scrollY":461},
{"id":11,"expanded":true,"name":"MedusaLevelFinal","order":5,"parentId":0,"scrollX":819,"scrollY":461},
{"id":12,"expanded":false,"name":"RealWorld1","order":6,"parentId":0,"scrollX":727.1111111111111,"scrollY":398.22222222222223},
{"id":13,"expanded":false,"name":"Jigsaw 1","order":7,"parentId":0,"scrollX":832,"scrollY":640},
{"id":14,"expanded":false,"name":"Minotaur_outside","order":8,"parentId":0,"scrollX":819,"scrollY":461},
{"id":15,"expanded":false,"name":"Minotaur_labyrinth","order":9,"parentId":0,"scrollX":811,"scrollY":499},
{"id":16,"expanded":false,"name":"Minotaur_emptyroom","order":10,"parentId":0,"scrollX":819,"scrollY":461},
{"id":17,"expanded":false,"name":"Minotaur_boss","order":11,"parentId":0,"scrollX":819,"scrollY":461},
{"id":18,"expanded":false,"name":"Jigsaw 2","order":12,"parentId":0,"scrollX":819,"scrollY":461},
{"id":19,"expanded":false,"name":"Jigsaw 3","order":13,"parentId":0,"scrollX":819,"scrollY":461},
null,
{"id":21,"expanded":false,"name":"PandoraLevel1","order":14,"parentId":0,"scrollX":819,"scrollY":461},
{"id":22,"expanded":false,"name":"PandoraLevel2","order":15,"parentId":0,"scrollX":727.1111111111111,"scrollY":398.22222222222223},
{"id":23,"expanded":false,"name":"PandoraLevel3","order":16,"parentId":0,"scrollX":819,"scrollY":461},
{"id":24,"expanded":false,"name":"PandoraLevelFinal","order":17,"parentId":0,"scrollX":727.1111111111111,"scrollY":398.22222222222223}
]