[
null,
{"id":1,"battlerName":"Actor1_1","characterIndex":0,"characterName":"$!drwalking","classId":1,"equips":[1,1,2,3,0],"faceIndex":1,"faceName":"medusafaces","traits":[],"initialLevel":1,"maxLevel":99,"name":"Dr","nickname":"","note":"","profile":""},
{"id":2,"battlerName":"Actor1_8","characterIndex":7,"characterName":"Actor1","classId":2,"equips":[2,1,2,3,0],"faceIndex":7,"faceName":"Actor1","traits":[],"initialLevel":1,"maxLevel":99,"name":"Therese","nickname":"","note":"","profile":""},
{"id":3,"battlerName":"Actor3_8","characterIndex":7,"characterName":"Actor3","classId":3,"equips":[3,0,2,3,4],"faceIndex":7,"faceName":"Actor3","traits":[],"initialLevel":1,"maxLevel":99,"name":"Marsha","nickname":"","note":"","profile":""},
{"id":4,"battlerName":"Actor2_7","characterIndex":6,"characterName":"Actor2","classId":4,"equips":[4,0,2,3,4],"faceIndex":6,"faceName":"Actor2","traits":[],"initialLevel":1,"maxLevel":99,"name":"Lucius","nickname":"","note":"","profile":""},
{"id":5,"battlerName":"","characterIndex":0,"characterName":"$!theseus","classId":1,"equips":[0,0,0,0,0],"faceIndex":4,"faceName":"medusafaces","traits":[],"initialLevel":1,"maxLevel":99,"name":"Theseus","nickname":"","note":"","profile":""},
{"id":6,"battlerName":"","characterIndex":0,"characterName":"$!drwalkingreal","classId":1,"equips":[0,0,0,0,0],"faceIndex":6,"faceName":"medusafaces","traits":[],"initialLevel":1,"maxLevel":99,"name":"Real World Dr","nickname":"","note":"","profile":""}
]