[
null,
{"id":1,"list":[{"code":111,"indent":0,"parameters":[6,-1,8]},{"code":205,"indent":1,"parameters":[-1,{"list":[{"code":14,"parameters":[0,-1],"indent":null},{"code":0}],"repeat":false,"skippable":false,"wait":true}]},{"code":505,"indent":1,"parameters":[{"code":14,"parameters":[0,-1],"indent":null}]},{"code":0,"indent":1,"parameters":[]},{"code":412,"indent":0,"parameters":[]},{"code":0,"indent":0,"parameters":[]}],"name":"Up1","switchId":1,"trigger":0},
{"id":2,"list":[{"code":111,"indent":0,"parameters":[6,-1,2]},{"code":205,"indent":1,"parameters":[-1,{"list":[{"code":14,"parameters":[0,1],"indent":null},{"code":0}],"repeat":false,"skippable":false,"wait":true}]},{"code":505,"indent":1,"parameters":[{"code":14,"parameters":[0,1],"indent":null}]},{"code":0,"indent":1,"parameters":[]},{"code":412,"indent":0,"parameters":[]},{"code":0,"indent":0,"parameters":[]}],"name":"Down1","switchId":1,"trigger":0},
{"id":3,"list":[{"code":205,"indent":0,"parameters":[-1,{"list":[{"code":14,"parameters":[0,1],"indent":null},{"code":0}],"repeat":false,"skippable":false,"wait":true}]},{"code":505,"indent":0,"parameters":[{"code":14,"parameters":[0,1],"indent":null}]},{"code":0,"indent":0,"parameters":[]}],"name":"Fall1","switchId":1,"trigger":0},
{"id":4,"list":[{"code":0,"indent":0,"parameters":[]}],"name":"","switchId":1,"trigger":0}
]