{
"autoplayBgm":true,"autoplayBgs":false,"battleback1Name":"","battleback2Name":"","bgm":{"name":"realworldmusic","pan":0,"pitch":100,"volume":90},"bgs":{"name":"","pan":0,"pitch":100,"volume":90},"disableDashing":false,"displayName":"","encounterList":[],"encounterStep":30,"height":9,"note":"","parallaxLoopX":false,"parallaxLoopY":false,"parallaxName":"","parallaxShow":true,"parallaxSx":0,"parallaxSy":0,"scrollType":0,"specifyBattleback":false,"tilesetId":9,"width":17,
"data":[1539,1539,1540,1540,1540,1540,1540,1540,1540,1540,1540,1540,1540,1540,1540,1540,1539,1547,1547,1546,1544,1545,1546,1544,1545,1546,1544,1545,1546,1544,1545,1546,1544,1547,1555,1555,1538,1536,1537,1538,1536,1537,1538,1536,1537,1538,1536,1537,1538,1536,1555,1539,1539,1546,1544,1545,1546,1544,1545,1546,1544,1545,1546,1544,1545,1546,1544,1539,1547,1547,1538,1536,1537,1538,1536,1537,1538,1536,1537,1538,1536,1537,1538,1536,1547,1555,1555,1546,1544,1545,1546,1544,1545,1546,1544,1545,1546,1544,1545,1546,1544,1555,1536,1537,1538,1536,1537,1538,1536,1537,1538,1536,1537,1538,1536,1537,1538,1536,1537,1544,1545,1546,1544,1545,1546,1544,1545,1546,1544,1545,1546,1544,1545,1546,1544,1545,1536,1537,1538,1536,1537,1538,1536,1537,1538,1536,1537,1538,1536,1537,1538,1536,1537,0,0,0,0,0,0,0,0,0,0,0,0,0,0,0,0,0,0,0,0,0,0,0,0,0,0,0,0,0,0,0,0,0,0,0,0,0,0,0,0,0,0,0,0,0,0,0,0,0,0,0,0,0,0,0,0,0,0,0,0,0,0,0,0,0,0,0,0,0,0,0,0,0,0,0,0,0,0,0,0,0,0,0,0,0,0,0,0,0,0,0,0,0,0,0,0,0,0,0,0,0,0,0,0,0,0,0,0,0,0,0,0,0,0,0,0,0,0,0,0,0,0,0,0,0,0,0,0,0,0,0,0,0,0,0,0,0,0,0,0,0,0,0,0,0,0,0,0,0,0,0,0,0,0,0,0,0,0,0,0,0,0,0,0,0,0,0,0,0,0,0,0,0,0,0,0,0,0,0,0,0,0,0,0,0,0,0,0,0,0,0,0,0,0,0,0,0,0,0,0,0,0,0,0,645,645,0,0,0,0,0,0,0,0,0,0,0,0,0,0,0,645,645,0,0,0,0,0,395,396,397,0,0,407,407,407,0,0,645,645,0,0,0,0,0,0,0,0,0,0,0,0,0,0,0,514,515,514,515,514,515,514,515,514,515,514,515,514,515,514,515,514,514,515,514,515,514,515,514,515,514,515,514,515,514,515,514,515,514,0,0,0,0,0,0,0,0,0,0,0,0,0,0,0,0,0,0,0,0,0,0,0,0,0,0,0,0,0,0,0,0,0,0,0,0,0,0,0,0,0,0,0,0,0,0,0,0,0,0,0,0,0,0,0,388,0,0,0,0,0,0,0,0,0,0,0,0,681,681,0,0,0,0,0,0,0,0,0,0,0,0,0,0,0,681,681,0,0,0,0,0,399,389,398,0,0,402,402,402,407,0,681,681,0,0,0,0,0,403,404,405,0,0,415,415,415,415,0,642,643,642,643,642,643,642,643,642,643,642,643,642,643,642,643,642,648,649,650,651,652,653,648,649,650,651,652,653,648,649,650,651,652,648,649,650,651,652,653,648,649,650,651,652,653,648,649,650,651,652,0,0,0,0,0,0,0,0,0,0,0,0,0,0,0,0,0,0,0,0,0,0,0,0,0,0,0,0,0,0,0,0,0,0,0,0,0,0,0,0,0,0,0,0,0,0,0,0,0,0,0,0,0,0,0,0,0,0,0,0,0,0,0,0,0,0,0,0,0,0,0,0,0,0,0,0,0,0,0,0,0,0,0,0,0,0,0,0,0,0,0,0,0,0,0,0,0,0,0,0,0,0,0,0,0,0,0,0,0,0,0,0,0,0,0,0,0,0,0,0,0,0,0,0,0,0,0,0,0,0,0,0,0,0,0,0,0,0,0,0,0,0,0,0,0,0,0,0,0,0,0,0,0,0,0,0,0,0,0,0,0,0,0,0,0,0,0,0,0,0,0,0,0,0,0,0,0,0,0,0,0,0,0,0,0,0,0,0,0,0,0,0,0,0,0,0,0,0,0,0,0,0,0,0,0,0,0,0,0,0,0,0,0,0,0,0,0,0,0,0,0,0,0,0,0,0,0,0,0,0,0,0,0,0,0,0,0,0,0,0,0,0,0,0,0,0,0,0,0,0,0,0,0,0,0,0,0,0,0,0,0,0,0,0,0,0,0,0,0,0,0,0,0,0,0,0,0,0,0,0,0,0,0,0,0,0,0,0,0,0,0,0,0,0,0,0,0,0,0,0,0,0,0,0,0,0],
"events":[
null,
{"id":1,"name":"EV001","note":"","pages":[{"conditions":{"actorId":1,"actorValid":false,"itemId":1,"itemValid":false,"selfSwitchCh":"A","selfSwitchValid":false,"switch1Id":1,"switch1Valid":false,"switch2Id":1,"switch2Valid":false,"variableId":1,"variableValid":false,"variableValue":0},"directionFix":false,"image":{"tileId":0,"characterName":"$!janitor","direction":2,"pattern":1,"characterIndex":0},"list":[{"code":0,"indent":0,"parameters":[]}],"moveFrequency":3,"moveRoute":{"list":[{"code":31,"indent":null},{"code":0,"parameters":[]}],"repeat":true,"skippable":false,"wait":false},"moveSpeed":3,"moveType":3,"priorityType":1,"stepAnime":true,"through":true,"trigger":0,"walkAnime":true},{"conditions":{"actorId":1,"actorValid":false,"itemId":1,"itemValid":false,"selfSwitchCh":"A","selfSwitchValid":false,"switch1Id":25,"switch1Valid":true,"switch2Id":1,"switch2Valid":false,"variableId":1,"variableValid":false,"variableValue":0},"directionFix":false,"image":{"characterIndex":0,"characterName":"","direction":2,"pattern":0,"tileId":0},"list":[{"code":0,"indent":0,"parameters":[]}],"moveFrequency":3,"moveRoute":{"list":[{"code":0,"parameters":[]}],"repeat":true,"skippable":false,"wait":false},"moveSpeed":3,"moveType":0,"priorityType":0,"stepAnime":false,"through":true,"trigger":0,"walkAnime":true}],"x":1,"y":5},
{"id":2,"name":"EV002","note":"","pages":[{"conditions":{"actorId":1,"actorValid":false,"itemId":1,"itemValid":false,"selfSwitchCh":"A","selfSwitchValid":false,"switch1Id":1,"switch1Valid":false,"switch2Id":1,"switch2Valid":false,"variableId":1,"variableValid":false,"variableValue":0},"directionFix":false,"image":{"characterIndex":0,"characterName":"","direction":2,"pattern":0,"tileId":0},"list":[{"code":111,"indent":0,"parameters":[1,7,0,3,4]},{"code":101,"indent":1,"parameters":["medusafaces",6,0,2]},{"code":401,"indent":1,"parameters":["I can't leave yet, I have to get my work"]},{"code":401,"indent":1,"parameters":["done!"]},{"code":0,"indent":1,"parameters":[]},{"code":411,"indent":0,"parameters":[]},{"code":111,"indent":1,"parameters":[1,5,0,5,4]},{"code":108,"indent":2,"parameters":["BAD ENDING"]},{"code":101,"indent":2,"parameters":["medusafaces",6,0,2]},{"code":401,"indent":2,"parameters":["No, I don't want to leave, I need to keep"]},{"code":401,"indent":2,"parameters":["working."]},{"code":108,"indent":2,"parameters":["play bad ending cutscene here, end game"]},{"code":0,"indent":2,"parameters":[]},{"code":411,"indent":1,"parameters":[]},{"code":108,"indent":2,"parameters":["GOOD ENDING"]},{"code":101,"indent":2,"parameters":["medusafaces",6,0,2]},{"code":401,"indent":2,"parameters":["I can't wait to get home to my family!"]},{"code":108,"indent":2,"parameters":["play good ending cutscene here, end game"]},{"code":0,"indent":2,"parameters":[]},{"code":412,"indent":1,"parameters":[]},{"code":0,"indent":1,"parameters":[]},{"code":412,"indent":0,"parameters":[]},{"code":0,"indent":0,"parameters":[]}],"moveFrequency":3,"moveRoute":{"list":[{"code":0,"parameters":[]}],"repeat":true,"skippable":false,"wait":false},"moveSpeed":3,"moveType":0,"priorityType":0,"stepAnime":false,"through":false,"trigger":1,"walkAnime":true}],"x":0,"y":5},
{"id":3,"name":"EV003","note":"","pages":[{"conditions":{"actorId":1,"actorValid":false,"itemId":1,"itemValid":false,"selfSwitchCh":"A","selfSwitchValid":false,"switch1Id":1,"switch1Valid":false,"switch2Id":1,"switch2Valid":false,"variableId":7,"variableValid":false,"variableValue":0},"directionFix":false,"image":{"tileId":90,"characterName":"","characterIndex":0,"direction":2,"pattern":0},"list":[{"code":111,"indent":0,"parameters":[1,7,0,0,0]},{"code":101,"indent":1,"parameters":["",0,0,2]},{"code":401,"indent":1,"parameters":["It's broken... Try to fix it?"]},{"code":102,"indent":1,"parameters":[["Let's give it a try.","Maybe later, I want to explore."],1,0,2,0]},{"code":402,"indent":1,"parameters":[0,"Let's give it a try."]},{"code":108,"indent":2,"parameters":["start jigsaw puzzle"]},{"code":201,"indent":2,"parameters":[0,13,0,8,0,0]},{"code":211,"indent":2,"parameters":[0]},{"code":205,"indent":2,"parameters":[-1,{"list":[{"code":29,"parameters":[6],"indent":null},{"code":0}],"repeat":false,"skippable":false,"wait":true}]},{"code":505,"indent":2,"parameters":[{"code":29,"parameters":[6],"indent":null}]},{"code":0,"indent":2,"parameters":[]},{"code":402,"indent":1,"parameters":[1,"Maybe later, I want to explore."]},{"code":0,"indent":2,"parameters":[]},{"code":404,"indent":1,"parameters":[]},{"code":0,"indent":1,"parameters":[]},{"code":411,"indent":0,"parameters":[]},{"code":111,"indent":1,"parameters":[1,5,0,5,4]},{"code":101,"indent":2,"parameters":["medusafaces",6,0,2]},{"code":401,"indent":2,"parameters":["That couldn't have been real... could it?"]},{"code":0,"indent":2,"parameters":[]},{"code":411,"indent":1,"parameters":[]},{"code":101,"indent":2,"parameters":["medusafaces",6,0,2]},{"code":401,"indent":2,"parameters":["What a strange dream that was... I must"]},{"code":401,"indent":2,"parameters":["have dozed off."]},{"code":0,"indent":2,"parameters":[]},{"code":412,"indent":1,"parameters":[]},{"code":0,"indent":1,"parameters":[]},{"code":412,"indent":0,"parameters":[]},{"code":0,"indent":0,"parameters":[]}],"moveFrequency":3,"moveRoute":{"list":[{"code":0,"parameters":[]}],"repeat":true,"skippable":false,"wait":false},"moveSpeed":3,"moveType":0,"priorityType":0,"stepAnime":false,"through":true,"trigger":0,"walkAnime":true}],"x":12,"y":5},
{"id":4,"name":"EV004","note":"","pages":[{"conditions":{"actorId":1,"actorValid":false,"itemId":1,"itemValid":false,"selfSwitchCh":"A","selfSwitchValid":false,"switch1Id":1,"switch1Valid":false,"switch2Id":1,"switch2Valid":false,"variableId":1,"variableValid":false,"variableValue":0},"directionFix":false,"image":{"tileId":0,"characterName":"","direction":2,"pattern":2,"characterIndex":5},"list":[{"code":108,"indent":0,"parameters":["cell phone"]},{"code":108,"indent":0,"parameters":["initial scene"]},{"code":250,"indent":0,"parameters":[{"name":"interaction","volume":25,"pitch":100,"pan":0}]},{"code":101,"indent":0,"parameters":["",0,0,2]},{"code":401,"indent":0,"parameters":["It's your cell phone. Send a text?"]},{"code":102,"indent":0,"parameters":[["Text your wife.","Maybe another time."],1,0,2,0]},{"code":402,"indent":0,"parameters":[0,"Text your wife."]},{"code":101,"indent":1,"parameters":["medusafaces",6,0,2]},{"code":401,"indent":1,"parameters":["\"Sorry, I'm still stuck at work... I know"]},{"code":401,"indent":1,"parameters":["this is hard.\""]},{"code":122,"indent":1,"parameters":[5,5,1,0,1]},{"code":123,"indent":1,"parameters":["A",0]},{"code":0,"indent":1,"parameters":[]},{"code":402,"indent":0,"parameters":[1,"Maybe another time."]},{"code":0,"indent":1,"parameters":[]},{"code":404,"indent":0,"parameters":[]},{"code":0,"indent":0,"parameters":[]}],"moveFrequency":3,"moveRoute":{"list":[{"code":0,"parameters":[]}],"repeat":true,"skippable":false,"wait":false},"moveSpeed":3,"moveType":0,"priorityType":0,"stepAnime":false,"through":true,"trigger":0,"walkAnime":true},{"conditions":{"actorId":1,"actorValid":false,"itemId":1,"itemValid":false,"selfSwitchCh":"A","selfSwitchValid":true,"switch1Id":1,"switch1Valid":false,"switch2Id":1,"switch2Valid":false,"variableId":1,"variableValid":false,"variableValue":0},"directionFix":false,"image":{"characterIndex":0,"characterName":"","direction":2,"pattern":0,"tileId":0},"list":[{"code":101,"indent":0,"parameters":["medusafaces",6,0,2]},{"code":401,"indent":0,"parameters":["It's my cell phone."]},{"code":0,"indent":0,"parameters":[]}],"moveFrequency":3,"moveRoute":{"list":[{"code":0,"parameters":[]}],"repeat":true,"skippable":false,"wait":false},"moveSpeed":3,"moveType":0,"priorityType":0,"stepAnime":false,"through":false,"trigger":0,"walkAnime":true},{"conditions":{"actorId":1,"actorValid":false,"itemId":1,"itemValid":false,"selfSwitchCh":"A","selfSwitchValid":false,"switch1Id":1,"switch1Valid":false,"switch2Id":1,"switch2Valid":false,"variableId":7,"variableValid":true,"variableValue":1},"directionFix":false,"image":{"characterIndex":0,"characterName":"","direction":2,"pattern":0,"tileId":0},"list":[{"code":108,"indent":0,"parameters":["between level 1 and 2"]},{"code":250,"indent":0,"parameters":[{"name":"interaction","volume":25,"pitch":100,"pan":0}]},{"code":101,"indent":0,"parameters":["medusafaces",6,0,2]},{"code":401,"indent":0,"parameters":["There's a missed text from my wife. I"]},{"code":401,"indent":0,"parameters":["wonder what it says?"]},{"code":102,"indent":0,"parameters":[["Check the text","I have work to do."],1,0,2,0]},{"code":402,"indent":0,"parameters":[0,"Check the text"]},{"code":111,"indent":1,"parameters":[1,5,0,2,4]},{"code":108,"indent":2,"parameters":["doctor is starting to ignore player's commands at this point"]},{"code":108,"indent":2,"parameters":["really bad"]},{"code":101,"indent":2,"parameters":["medusafaces",6,0,2]},{"code":401,"indent":2,"parameters":["No, I have too much work to do, I don't"]},{"code":401,"indent":2,"parameters":["want to talk to her right now."]},{"code":0,"indent":2,"parameters":[]},{"code":412,"indent":1,"parameters":[]},{"code":111,"indent":1,"parameters":[1,5,0,5,4]},{"code":108,"indent":2,"parameters":["sanity is low but not awful"]},{"code":101,"indent":2,"parameters":["",7,0,2]},{"code":401,"indent":2,"parameters":["You can't ignore me forever!"]},{"code":108,"indent":2,"parameters":["put some choices here that might affect sanity"]},{"code":108,"indent":2,"parameters":["wife is salty"]},{"code":101,"indent":2,"parameters":["medusafaces",6,0,2]},{"code":401,"indent":2,"parameters":["She seems upset... Should I respond?"]},{"code":102,"indent":2,"parameters":[["Yes, I need to figure this out with her.","No, I'm too busy to deal with her right now."],1,0,2,0]},{"code":402,"indent":2,"parameters":[0,"Yes, I need to figure this out with her."]},{"code":122,"indent":3,"parameters":[5,5,1,0,1]},{"code":101,"indent":3,"parameters":["medusafaces",6,0,2]},{"code":401,"indent":3,"parameters":["I'm sorry honey. I will be home soon and we"]},{"code":401,"indent":3,"parameters":["can talk this through."]},{"code":0,"indent":3,"parameters":[]},{"code":402,"indent":2,"parameters":[1,"No, I'm too busy to deal with her right now."]},{"code":122,"indent":3,"parameters":[5,5,2,0,1]},{"code":0,"indent":3,"parameters":[]},{"code":404,"indent":2,"parameters":[]},{"code":0,"indent":2,"parameters":[]},{"code":411,"indent":1,"parameters":[]},{"code":111,"indent":2,"parameters":[1,5,0,5,1]},{"code":108,"indent":3,"parameters":["sanity good"]},{"code":108,"indent":3,"parameters":["wife says something nice? maybe?"]},{"code":122,"indent":3,"parameters":[5,5,1,0,1]},{"code":101,"indent":3,"parameters":["",6,0,2]},{"code":401,"indent":3,"parameters":["I miss you, and I can't wait to see you"]},{"code":401,"indent":3,"parameters":["tonight!"]},{"code":0,"indent":3,"parameters":[]},{"code":412,"indent":2,"parameters":[]},{"code":0,"indent":2,"parameters":[]},{"code":412,"indent":1,"parameters":[]},{"code":123,"indent":1,"parameters":["B",0]},{"code":0,"indent":1,"parameters":[]},{"code":402,"indent":0,"parameters":[1,"I have work to do."]},{"code":122,"indent":1,"parameters":[5,5,2,0,1]},{"code":0,"indent":1,"parameters":[]},{"code":404,"indent":0,"parameters":[]},{"code":0,"indent":0,"parameters":[]}],"moveFrequency":3,"moveRoute":{"list":[{"code":0,"parameters":[]}],"repeat":true,"skippable":false,"wait":false},"moveSpeed":3,"moveType":0,"priorityType":0,"stepAnime":false,"through":false,"trigger":0,"walkAnime":true},{"conditions":{"actorId":1,"actorValid":false,"itemId":1,"itemValid":false,"selfSwitchCh":"B","selfSwitchValid":true,"switch1Id":1,"switch1Valid":false,"switch2Id":1,"switch2Valid":false,"variableId":1,"variableValid":false,"variableValue":0},"directionFix":false,"image":{"characterIndex":0,"characterName":"","direction":2,"pattern":0,"tileId":0},"list":[{"code":101,"indent":0,"parameters":["medusafaces",6,0,2]},{"code":401,"indent":0,"parameters":["It's my cell phone."]},{"code":0,"indent":0,"parameters":[]}],"moveFrequency":3,"moveRoute":{"list":[{"code":0,"parameters":[]}],"repeat":true,"skippable":false,"wait":false},"moveSpeed":3,"moveType":0,"priorityType":0,"stepAnime":false,"through":false,"trigger":0,"walkAnime":true},{"conditions":{"actorId":1,"actorValid":false,"itemId":1,"itemValid":false,"selfSwitchCh":"B","selfSwitchValid":false,"switch1Id":1,"switch1Valid":false,"switch2Id":1,"switch2Valid":false,"variableId":7,"variableValid":true,"variableValue":2},"directionFix":false,"image":{"characterIndex":0,"characterName":"","direction":2,"pattern":0,"tileId":0},"list":[{"code":108,"indent":0,"parameters":["between level 2 and 3"]},{"code":108,"indent":0,"parameters":["add similar logic to last page"]},{"code":250,"indent":0,"parameters":[{"name":"interaction","volume":25,"pitch":100,"pan":0}]},{"code":111,"indent":0,"parameters":[1,5,0,5,4]},{"code":101,"indent":1,"parameters":["medusafaces",6,0,2]},{"code":401,"indent":1,"parameters":["Why would I care if she texted me? She"]},{"code":401,"indent":1,"parameters":["doesn't support me anyways."]},{"code":0,"indent":1,"parameters":[]},{"code":411,"indent":0,"parameters":[]},{"code":101,"indent":1,"parameters":["medusafaces",6,0,2]},{"code":401,"indent":1,"parameters":["Sophia hasn't texted me in a while, maybe"]},{"code":401,"indent":1,"parameters":["I should check in with her."]},{"code":102,"indent":1,"parameters":[["I should text her.","No, I'm too busy right now."],1,0,2,0]},{"code":402,"indent":1,"parameters":[0,"I should text her."]},{"code":101,"indent":2,"parameters":["medusafaces",6,0,2]},{"code":401,"indent":2,"parameters":["\"How are you doing? I'm almost done here"]},{"code":401,"indent":2,"parameters":["and will be home soon\""]},{"code":122,"indent":2,"parameters":[5,5,1,0,1]},{"code":0,"indent":2,"parameters":[]},{"code":402,"indent":1,"parameters":[1,"No, I'm too busy right now."]},{"code":122,"indent":2,"parameters":[5,5,2,0,1]},{"code":0,"indent":2,"parameters":[]},{"code":404,"indent":1,"parameters":[]},{"code":0,"indent":1,"parameters":[]},{"code":412,"indent":0,"parameters":[]},{"code":123,"indent":0,"parameters":["C",0]},{"code":0,"indent":0,"parameters":[]}],"moveFrequency":3,"moveRoute":{"list":[{"code":0,"parameters":[]}],"repeat":true,"skippable":false,"wait":false},"moveSpeed":3,"moveType":0,"priorityType":0,"stepAnime":false,"through":false,"trigger":0,"walkAnime":true},{"conditions":{"actorId":1,"actorValid":false,"itemId":1,"itemValid":false,"selfSwitchCh":"C","selfSwitchValid":true,"switch1Id":1,"switch1Valid":false,"switch2Id":1,"switch2Valid":false,"variableId":1,"variableValid":false,"variableValue":0},"directionFix":false,"image":{"characterIndex":0,"characterName":"","direction":2,"pattern":0,"tileId":0},"list":[{"code":101,"indent":0,"parameters":["medusafaces",6,0,2]},{"code":401,"indent":0,"parameters":["It's my cell phone."]},{"code":0,"indent":0,"parameters":[]}],"moveFrequency":3,"moveRoute":{"list":[{"code":0,"parameters":[]}],"repeat":true,"skippable":false,"wait":false},"moveSpeed":3,"moveType":0,"priorityType":0,"stepAnime":false,"through":false,"trigger":0,"walkAnime":true},{"conditions":{"actorId":1,"actorValid":false,"itemId":1,"itemValid":false,"selfSwitchCh":"C","selfSwitchValid":false,"switch1Id":1,"switch1Valid":false,"switch2Id":1,"switch2Valid":false,"variableId":7,"variableValid":true,"variableValue":3},"directionFix":false,"image":{"characterIndex":0,"characterName":"","direction":2,"pattern":0,"tileId":0},"list":[{"code":108,"indent":0,"parameters":["final scene"]},{"code":108,"indent":0,"parameters":["can answer phone, talk to janitor and say goodnight, and then leave"]},{"code":408,"indent":0,"parameters":["and go home to family"]},{"code":250,"indent":0,"parameters":[{"name":"interaction","volume":25,"pitch":100,"pan":0}]},{"code":111,"indent":0,"parameters":[1,5,0,5,4]},{"code":101,"indent":1,"parameters":["medusafaces",1,0,2]},{"code":401,"indent":1,"parameters":["Still no texts. Sophia has never cared"]},{"code":401,"indent":1,"parameters":["about me or my passion."]},{"code":0,"indent":1,"parameters":[]},{"code":411,"indent":0,"parameters":[]},{"code":101,"indent":1,"parameters":["medusafaces",6,0,2]},{"code":401,"indent":1,"parameters":["I have a few missed calls... I hope Sophia"]},{"code":401,"indent":1,"parameters":["isn't worried."]},{"code":0,"indent":1,"parameters":[]},{"code":412,"indent":0,"parameters":[]},{"code":0,"indent":0,"parameters":[]}],"moveFrequency":3,"moveRoute":{"list":[{"code":0,"parameters":[]}],"repeat":true,"skippable":false,"wait":false},"moveSpeed":3,"moveType":0,"priorityType":0,"stepAnime":false,"through":false,"trigger":0,"walkAnime":true}],"x":7,"y":5},
{"id":5,"name":"EV005","note":"","pages":[{"conditions":{"actorId":1,"actorValid":false,"itemId":1,"itemValid":false,"selfSwitchCh":"A","selfSwitchValid":false,"switch1Id":1,"switch1Valid":false,"switch2Id":1,"switch2Valid":false,"variableId":7,"variableValid":false,"variableValue":0},"directionFix":false,"image":{"characterIndex":0,"characterName":"","direction":2,"pattern":0,"tileId":0},"list":[{"code":111,"indent":0,"parameters":[1,7,0,0,0]},{"code":223,"indent":1,"parameters":[[-255,-255,-255,0],1,false]},{"code":122,"indent":1,"parameters":[5,5,0,0,5]},{"code":122,"indent":1,"parameters":[6,6,0,0,10]},{"code":101,"indent":1,"parameters":["",0,2,1]},{"code":401,"indent":1,"parameters":["This is a game where your choices have impact."]},{"code":401,"indent":1,"parameters":["Make your decisions carefully."]},{"code":108,"indent":1,"parameters":["insert cutscene here!"]},{"code":322,"indent":1,"parameters":[1,"$!drwalkingreal",0,"medusafaces",6,"Actor1_1"]},{"code":223,"indent":1,"parameters":[[0,0,0,0],60,true]},{"code":250,"indent":1,"parameters":[{"name":"janitor","volume":90,"pitch":100,"pan":0}]},{"code":101,"indent":1,"parameters":["medusafaces",7,0,2]},{"code":401,"indent":1,"parameters":["Oh, sorry! Did I wake you up?"]},{"code":101,"indent":1,"parameters":["medusafaces",6,0,2]},{"code":401,"indent":1,"parameters":["Hm? Oh, Hank. Guess I dozed off."]},{"code":101,"indent":1,"parameters":["medusafaces",7,0,2]},{"code":401,"indent":1,"parameters":["You're here late again."]},{"code":250,"indent":1,"parameters":[{"name":"dr","volume":90,"pitch":100,"pan":0}]},{"code":101,"indent":1,"parameters":["medusafaces",6,0,2]},{"code":401,"indent":1,"parameters":["Yeah, just have a lot of work to do here."]},{"code":401,"indent":1,"parameters":["Fascinating pieces!"]},{"code":101,"indent":1,"parameters":["medusafaces",7,0,2]},{"code":401,"indent":1,"parameters":["Alright, Dr. Trevino, I'll get out of your"]},{"code":401,"indent":1,"parameters":["way."]},{"code":101,"indent":1,"parameters":["medusafaces",6,0,2]},{"code":401,"indent":1,"parameters":["How many times have I told you? Call me Alden."]},{"code":250,"indent":1,"parameters":[{"name":"janitor","volume":90,"pitch":100,"pan":0}]},{"code":101,"indent":1,"parameters":["medusafaces",7,0,2]},{"code":401,"indent":1,"parameters":["Right, right... Sorry, sir."]},{"code":101,"indent":1,"parameters":["medusafaces",6,0,2]},{"code":401,"indent":1,"parameters":["No need for the formalities, Hank, we've"]},{"code":401,"indent":1,"parameters":["known each other for years."]},{"code":101,"indent":1,"parameters":["medusafaces",7,0,2]},{"code":401,"indent":1,"parameters":["Wife's alright with you being here late"]},{"code":401,"indent":1,"parameters":["again?"]},{"code":101,"indent":1,"parameters":["medusafaces",6,0,2]},{"code":401,"indent":1,"parameters":["..."]},{"code":101,"indent":1,"parameters":["medusafaces",7,0,2]},{"code":401,"indent":1,"parameters":["Right. Sorry, I didn't mean to pry. I'll be"]},{"code":401,"indent":1,"parameters":["on my way."]},{"code":250,"indent":1,"parameters":[{"name":"dr","volume":90,"pitch":100,"pan":0}]},{"code":101,"indent":1,"parameters":["medusafaces",6,0,2]},{"code":401,"indent":1,"parameters":["No, that's alright. Have a good night, Hank."]},{"code":101,"indent":1,"parameters":["medusafaces",7,0,2]},{"code":401,"indent":1,"parameters":["You too, Alden. Don't stay too late."]},{"code":121,"indent":1,"parameters":[25,25,0]},{"code":230,"indent":1,"parameters":[30]},{"code":108,"indent":1,"parameters":["play text notification sound here!"]},{"code":250,"indent":1,"parameters":[{"name":"texsound","volume":90,"pitch":100,"pan":0}]},{"code":101,"indent":1,"parameters":["medusafaces",6,0,2]},{"code":401,"indent":1,"parameters":["Oh that must be a text from my wife..."]},{"code":102,"indent":1,"parameters":[["Focus on your work","Check text from your wife"],1,0,2,0]},{"code":402,"indent":1,"parameters":[0,"Focus on your work"]},{"code":122,"indent":2,"parameters":[5,5,2,0,1]},{"code":0,"indent":2,"parameters":[]},{"code":402,"indent":1,"parameters":[1,"Check text from your wife"]},{"code":101,"indent":2,"parameters":["",7,0,2]},{"code":401,"indent":2,"parameters":["Are you coming home soon? We need to talk"]},{"code":401,"indent":2,"parameters":["about this."]},{"code":122,"indent":2,"parameters":[5,5,1,0,1]},{"code":0,"indent":2,"parameters":[]},{"code":404,"indent":1,"parameters":[]},{"code":123,"indent":1,"parameters":["A",0]},{"code":0,"indent":1,"parameters":[]},{"code":412,"indent":0,"parameters":[]},{"code":0,"indent":0,"parameters":[]}],"moveFrequency":3,"moveRoute":{"list":[{"code":0,"parameters":[]}],"repeat":true,"skippable":false,"wait":false},"moveSpeed":3,"moveType":0,"priorityType":0,"stepAnime":false,"through":false,"trigger":4,"walkAnime":true},{"conditions":{"actorId":1,"actorValid":false,"itemId":1,"itemValid":false,"selfSwitchCh":"A","selfSwitchValid":true,"switch1Id":1,"switch1Valid":false,"switch2Id":1,"switch2Valid":false,"variableId":1,"variableValid":false,"variableValue":0},"directionFix":false,"image":{"characterIndex":0,"characterName":"","direction":2,"pattern":0,"tileId":0},"list":[{"code":111,"indent":0,"parameters":[1,5,1,6,3]},{"code":122,"indent":1,"parameters":[5,5,0,1,6]},{"code":0,"indent":1,"parameters":[]},{"code":412,"indent":0,"parameters":[]},{"code":111,"indent":0,"parameters":[1,5,0,0,4]},{"code":122,"indent":1,"parameters":[5,5,0,0,0]},{"code":0,"indent":1,"parameters":[]},{"code":412,"indent":0,"parameters":[]},{"code":111,"indent":0,"parameters":[1,7,0,1,0]},{"code":108,"indent":1,"parameters":["Finished first level"]},{"code":223,"indent":1,"parameters":[[0,0,0,0],60,true]},{"code":111,"indent":1,"parameters":[1,5,0,5,4]},{"code":223,"indent":2,"parameters":[[-20,-20,-20,0],1,true]},{"code":0,"indent":2,"parameters":[]},{"code":412,"indent":1,"parameters":[]},{"code":123,"indent":1,"parameters":["B",0]},{"code":0,"indent":1,"parameters":[]},{"code":412,"indent":0,"parameters":[]},{"code":0,"indent":0,"parameters":[]}],"moveFrequency":3,"moveRoute":{"list":[{"code":0,"parameters":[]}],"repeat":true,"skippable":false,"wait":false},"moveSpeed":3,"moveType":0,"priorityType":0,"stepAnime":false,"through":false,"trigger":4,"walkAnime":true},{"conditions":{"actorId":1,"actorValid":false,"itemId":1,"itemValid":false,"selfSwitchCh":"B","selfSwitchValid":true,"switch1Id":1,"switch1Valid":false,"switch2Id":1,"switch2Valid":false,"variableId":1,"variableValid":false,"variableValue":0},"directionFix":false,"image":{"characterIndex":0,"characterName":"","direction":2,"pattern":0,"tileId":0},"list":[{"code":111,"indent":0,"parameters":[1,5,0,0,4]},{"code":122,"indent":1,"parameters":[5,5,0,0,0]},{"code":0,"indent":1,"parameters":[]},{"code":412,"indent":0,"parameters":[]},{"code":111,"indent":0,"parameters":[1,5,1,6,3]},{"code":122,"indent":1,"parameters":[5,5,0,1,6]},{"code":0,"indent":1,"parameters":[]},{"code":412,"indent":0,"parameters":[]},{"code":111,"indent":0,"parameters":[1,7,0,2,0]},{"code":223,"indent":1,"parameters":[[0,0,0,0],60,true]},{"code":111,"indent":1,"parameters":[1,5,0,3,4]},{"code":223,"indent":2,"parameters":[[-40,-40,-40,0],1,true]},{"code":0,"indent":2,"parameters":[]},{"code":412,"indent":1,"parameters":[]},{"code":123,"indent":1,"parameters":["C",0]},{"code":0,"indent":1,"parameters":[]},{"code":412,"indent":0,"parameters":[]},{"code":0,"indent":0,"parameters":[]}],"moveFrequency":3,"moveRoute":{"list":[{"code":0,"parameters":[]}],"repeat":true,"skippable":false,"wait":false},"moveSpeed":3,"moveType":0,"priorityType":0,"stepAnime":false,"through":false,"trigger":4,"walkAnime":true},{"conditions":{"actorId":1,"actorValid":false,"itemId":1,"itemValid":false,"selfSwitchCh":"C","selfSwitchValid":true,"switch1Id":1,"switch1Valid":false,"switch2Id":1,"switch2Valid":false,"variableId":1,"variableValid":false,"variableValue":0},"directionFix":false,"image":{"characterIndex":0,"characterName":"","direction":2,"pattern":0,"tileId":0},"list":[{"code":111,"indent":0,"parameters":[1,5,0,0,4]},{"code":122,"indent":1,"parameters":[5,5,0,0,0]},{"code":0,"indent":1,"parameters":[]},{"code":412,"indent":0,"parameters":[]},{"code":111,"indent":0,"parameters":[1,5,1,6,3]},{"code":122,"indent":1,"parameters":[5,5,0,1,6]},{"code":0,"indent":1,"parameters":[]},{"code":412,"indent":0,"parameters":[]},{"code":111,"indent":0,"parameters":[1,7,0,3,0]},{"code":223,"indent":1,"parameters":[[0,0,0,0],1,true]},{"code":111,"indent":1,"parameters":[1,5,0,5,4]},{"code":241,"indent":2,"parameters":[{"name":"intromusic","volume":90,"pitch":100,"pan":0}]},{"code":121,"indent":2,"parameters":[20,20,0]},{"code":223,"indent":2,"parameters":[[-68,-68,-68,0],1,true]},{"code":0,"indent":2,"parameters":[]},{"code":412,"indent":1,"parameters":[]},{"code":123,"indent":1,"parameters":["D",0]},{"code":0,"indent":1,"parameters":[]},{"code":412,"indent":0,"parameters":[]},{"code":0,"indent":0,"parameters":[]}],"moveFrequency":3,"moveRoute":{"list":[{"code":0,"parameters":[]}],"repeat":true,"skippable":false,"wait":false},"moveSpeed":3,"moveType":0,"priorityType":0,"stepAnime":false,"through":false,"trigger":4,"walkAnime":true},{"conditions":{"actorId":1,"actorValid":false,"itemId":1,"itemValid":false,"selfSwitchCh":"D","selfSwitchValid":true,"switch1Id":1,"switch1Valid":false,"switch2Id":1,"switch2Valid":false,"variableId":1,"variableValid":false,"variableValue":0},"directionFix":false,"image":{"characterIndex":0,"characterName":"","direction":2,"pattern":0,"tileId":0},"list":[{"code":111,"indent":0,"parameters":[1,5,0,0,4]},{"code":122,"indent":1,"parameters":[5,5,0,0,0]},{"code":0,"indent":1,"parameters":[]},{"code":412,"indent":0,"parameters":[]},{"code":111,"indent":0,"parameters":[1,5,1,6,3]},{"code":122,"indent":1,"parameters":[5,5,0,1,6]},{"code":0,"indent":1,"parameters":[]},{"code":412,"indent":0,"parameters":[]},{"code":0,"indent":0,"parameters":[]}],"moveFrequency":3,"moveRoute":{"list":[{"code":0,"parameters":[]}],"repeat":true,"skippable":false,"wait":false},"moveSpeed":3,"moveType":0,"priorityType":0,"stepAnime":false,"through":false,"trigger":4,"walkAnime":true}],"x":0,"y":0},
{"id":6,"name":"EV006","note":"","pages":[{"conditions":{"actorId":1,"actorValid":false,"itemId":1,"itemValid":false,"selfSwitchCh":"A","selfSwitchValid":false,"switch1Id":1,"switch1Valid":false,"switch2Id":1,"switch2Valid":false,"variableId":1,"variableValid":false,"variableValue":0},"directionFix":false,"image":{"characterIndex":0,"characterName":"","direction":2,"pattern":0,"tileId":0},"list":[{"code":355,"indent":0,"parameters":["Galv.VBAR.create(0,\"ObsessionScrollFull\",\"ObsessionScrollEmpty\",5,6,10,10,0,0);"]},{"code":123,"indent":0,"parameters":["A",0]},{"code":0,"indent":0,"parameters":[]}],"moveFrequency":3,"moveRoute":{"list":[{"code":0,"parameters":[]}],"repeat":true,"skippable":false,"wait":false},"moveSpeed":3,"moveType":0,"priorityType":0,"stepAnime":false,"through":false,"trigger":4,"walkAnime":true},{"conditions":{"actorId":1,"actorValid":false,"itemId":1,"itemValid":false,"selfSwitchCh":"A","selfSwitchValid":true,"switch1Id":1,"switch1Valid":false,"switch2Id":1,"switch2Valid":false,"variableId":1,"variableValid":false,"variableValue":0},"directionFix":false,"image":{"characterIndex":0,"characterName":"","direction":2,"pattern":0,"tileId":0},"list":[{"code":0,"indent":0,"parameters":[]}],"moveFrequency":3,"moveRoute":{"list":[{"code":0,"parameters":[]}],"repeat":true,"skippable":false,"wait":false},"moveSpeed":3,"moveType":0,"priorityType":0,"stepAnime":false,"through":false,"trigger":0,"walkAnime":true}],"x":1,"y":0},
{"id":7,"name":"EV007","note":"","pages":[{"conditions":{"actorId":1,"actorValid":false,"itemId":1,"itemValid":false,"selfSwitchCh":"A","selfSwitchValid":false,"switch1Id":1,"switch1Valid":false,"switch2Id":1,"switch2Valid":false,"variableId":7,"variableValid":true,"variableValue":0},"directionFix":false,"image":{"characterIndex":0,"characterName":"","direction":2,"pattern":0,"tileId":0},"list":[{"code":108,"indent":0,"parameters":["picture"]},{"code":250,"indent":0,"parameters":[{"name":"interaction","volume":25,"pitch":100,"pan":0}]},{"code":101,"indent":0,"parameters":["",0,0,2]},{"code":401,"indent":0,"parameters":["Sophia, the kids, and I. Trip to the"]},{"code":401,"indent":0,"parameters":["mountains 2017."]},{"code":0,"indent":0,"parameters":[]}],"moveFrequency":3,"moveRoute":{"list":[{"code":0,"parameters":[]}],"repeat":true,"skippable":false,"wait":false},"moveSpeed":3,"moveType":0,"priorityType":0,"stepAnime":false,"through":false,"trigger":0,"walkAnime":true},{"conditions":{"actorId":1,"actorValid":false,"itemId":1,"itemValid":false,"selfSwitchCh":"A","selfSwitchValid":false,"switch1Id":1,"switch1Valid":false,"switch2Id":1,"switch2Valid":false,"variableId":7,"variableValid":true,"variableValue":1},"directionFix":false,"image":{"characterIndex":0,"characterName":"","direction":2,"pattern":0,"tileId":0},"list":[{"code":250,"indent":0,"parameters":[{"name":"interaction","volume":25,"pitch":100,"pan":0}]},{"code":111,"indent":0,"parameters":[1,5,0,5,4]},{"code":101,"indent":1,"parameters":["medusafaces",6,0,2]},{"code":401,"indent":1,"parameters":["This picture was taken so long ago. I wish"]},{"code":401,"indent":1,"parameters":["things were like that now. They don't"]},{"code":401,"indent":1,"parameters":["understand how important my work is."]},{"code":0,"indent":1,"parameters":[]},{"code":411,"indent":0,"parameters":[]},{"code":101,"indent":1,"parameters":["medusafaces",6,0,2]},{"code":401,"indent":1,"parameters":["I hope Sophia and the kids are doing ok."]},{"code":401,"indent":1,"parameters":["I really should start listening to her"]},{"code":401,"indent":1,"parameters":["more."]},{"code":0,"indent":1,"parameters":[]},{"code":412,"indent":0,"parameters":[]},{"code":0,"indent":0,"parameters":[]}],"moveFrequency":3,"moveRoute":{"list":[{"code":0,"parameters":[]}],"repeat":true,"skippable":false,"wait":false},"moveSpeed":3,"moveType":0,"priorityType":0,"stepAnime":false,"through":false,"trigger":0,"walkAnime":true},{"conditions":{"actorId":1,"actorValid":false,"itemId":1,"itemValid":false,"selfSwitchCh":"A","selfSwitchValid":false,"switch1Id":1,"switch1Valid":false,"switch2Id":1,"switch2Valid":false,"variableId":7,"variableValid":true,"variableValue":2},"directionFix":false,"image":{"characterIndex":0,"characterName":"","direction":2,"pattern":0,"tileId":0},"list":[{"code":250,"indent":0,"parameters":[{"name":"interaction","volume":25,"pitch":100,"pan":0}]},{"code":111,"indent":0,"parameters":[1,5,0,5,4]},{"code":101,"indent":1,"parameters":["medusafaces",6,0,2]},{"code":401,"indent":1,"parameters":["Sophia and the kids were so happy on this"]},{"code":401,"indent":1,"parameters":["trip, but I was miserable. She is always"]},{"code":401,"indent":1,"parameters":["starting meaningless arguments with me."]},{"code":0,"indent":1,"parameters":[]},{"code":411,"indent":0,"parameters":[]},{"code":101,"indent":1,"parameters":["medusafaces",6,0,2]},{"code":401,"indent":1,"parameters":["Maybe Sophia has been trying to help me"]},{"code":401,"indent":1,"parameters":["this whole time... she really cares about"]},{"code":401,"indent":1,"parameters":["me."]},{"code":0,"indent":1,"parameters":[]},{"code":412,"indent":0,"parameters":[]},{"code":0,"indent":0,"parameters":[]}],"moveFrequency":3,"moveRoute":{"list":[{"code":0,"parameters":[]}],"repeat":true,"skippable":false,"wait":false},"moveSpeed":3,"moveType":0,"priorityType":0,"stepAnime":false,"through":false,"trigger":0,"walkAnime":true},{"conditions":{"actorId":1,"actorValid":false,"itemId":1,"itemValid":false,"selfSwitchCh":"A","selfSwitchValid":false,"switch1Id":1,"switch1Valid":false,"switch2Id":1,"switch2Valid":false,"variableId":7,"variableValid":true,"variableValue":3},"directionFix":false,"image":{"characterIndex":0,"characterName":"","direction":2,"pattern":0,"tileId":0},"list":[{"code":250,"indent":0,"parameters":[{"name":"interaction","volume":25,"pitch":100,"pan":0}]},{"code":111,"indent":0,"parameters":[1,5,0,5,4]},{"code":101,"indent":1,"parameters":["medusafaces",1,0,2]},{"code":401,"indent":1,"parameters":["I can't waste time looking at sentimental"]},{"code":401,"indent":1,"parameters":["photos, I need to get back to work!"]},{"code":0,"indent":1,"parameters":[]},{"code":411,"indent":0,"parameters":[]},{"code":101,"indent":1,"parameters":["medusafaces",6,0,2]},{"code":401,"indent":1,"parameters":["We were so happy on this trip. I hope it's"]},{"code":401,"indent":1,"parameters":["not too late to make things better with"]},{"code":401,"indent":1,"parameters":["my family."]},{"code":0,"indent":1,"parameters":[]},{"code":412,"indent":0,"parameters":[]},{"code":0,"indent":0,"parameters":[]}],"moveFrequency":3,"moveRoute":{"list":[{"code":0,"parameters":[]}],"repeat":true,"skippable":false,"wait":false},"moveSpeed":3,"moveType":0,"priorityType":0,"stepAnime":false,"through":false,"trigger":0,"walkAnime":true}],"x":9,"y":5},
{"id":8,"name":"EV008","note":"","pages":[{"conditions":{"actorId":1,"actorValid":false,"itemId":1,"itemValid":false,"selfSwitchCh":"A","selfSwitchValid":false,"switch1Id":1,"switch1Valid":false,"switch2Id":1,"switch2Valid":false,"variableId":1,"variableValid":false,"variableValue":0},"directionFix":false,"image":{"tileId":0,"characterName":"","direction":2,"pattern":0,"characterIndex":0},"list":[{"code":108,"indent":0,"parameters":["clock"]},{"code":111,"indent":0,"parameters":[1,7,0,0,0]},{"code":250,"indent":1,"parameters":[{"name":"interaction","volume":25,"pitch":100,"pan":0}]},{"code":101,"indent":1,"parameters":["medusafaces",6,0,2]},{"code":401,"indent":1,"parameters":["It's 9:14 pm."]},{"code":0,"indent":1,"parameters":[]},{"code":412,"indent":0,"parameters":[]},{"code":111,"indent":0,"parameters":[1,7,0,1,0]},{"code":250,"indent":1,"parameters":[{"name":"interaction","volume":25,"pitch":100,"pan":0}]},{"code":101,"indent":1,"parameters":["medusafaces",6,0,2]},{"code":401,"indent":1,"parameters":["It's 10:02pm."]},{"code":0,"indent":1,"parameters":[]},{"code":412,"indent":0,"parameters":[]},{"code":111,"indent":0,"parameters":[1,7,0,2,0]},{"code":250,"indent":1,"parameters":[{"name":"interaction","volume":25,"pitch":100,"pan":0}]},{"code":101,"indent":1,"parameters":["medusafaces",6,0,2]},{"code":401,"indent":1,"parameters":["It's 12:45pm"]},{"code":0,"indent":1,"parameters":[]},{"code":412,"indent":0,"parameters":[]},{"code":111,"indent":0,"parameters":[1,7,0,3,0]},{"code":111,"indent":1,"parameters":[1,5,0,5,4]},{"code":250,"indent":2,"parameters":[{"name":"interaction","volume":25,"pitch":100,"pan":0}]},{"code":101,"indent":2,"parameters":["medusafaces",1,0,2]},{"code":401,"indent":2,"parameters":["It's 3:03am. I can't believe I've taken"]},{"code":401,"indent":2,"parameters":["this long to  finish putting together the"]},{"code":401,"indent":2,"parameters":["amphoras."]},{"code":0,"indent":2,"parameters":[]},{"code":411,"indent":1,"parameters":[]},{"code":250,"indent":2,"parameters":[{"name":"interaction","volume":25,"pitch":100,"pan":0}]},{"code":101,"indent":2,"parameters":["medusafaces",6,0,2]},{"code":401,"indent":2,"parameters":["It's 3:03am. Better get home soon!"]},{"code":0,"indent":2,"parameters":[]},{"code":412,"indent":1,"parameters":[]},{"code":0,"indent":1,"parameters":[]},{"code":412,"indent":0,"parameters":[]},{"code":0,"indent":0,"parameters":[]}],"moveFrequency":3,"moveRoute":{"list":[{"code":0,"parameters":[]}],"repeat":true,"skippable":false,"wait":false},"moveSpeed":3,"moveType":0,"priorityType":0,"stepAnime":false,"through":false,"trigger":0,"walkAnime":true}],"x":4,"y":5},
{"id":9,"name":"EV009","note":"","pages":[{"conditions":{"actorId":1,"actorValid":false,"itemId":1,"itemValid":false,"selfSwitchCh":"A","selfSwitchValid":false,"switch1Id":1,"switch1Valid":false,"switch2Id":1,"switch2Valid":false,"variableId":1,"variableValid":false,"variableValue":0},"directionFix":false,"image":{"characterIndex":0,"characterName":"","direction":2,"pattern":0,"tileId":0},"list":[{"code":108,"indent":0,"parameters":["Computer"]},{"code":250,"indent":0,"parameters":[{"name":"interaction","volume":25,"pitch":100,"pan":0}]},{"code":101,"indent":0,"parameters":["",0,0,2]},{"code":401,"indent":0,"parameters":["Check email?"]},{"code":102,"indent":0,"parameters":[["Email from Charlie (30 days ago)","Email from Charlie (3 days ago)","Email from Glen (2 days ago)","Email from Georgia (1 day ago)","Not right now"],1,0,2,0]},{"code":402,"indent":0,"parameters":[0,"Email from Charlie (30 days ago)"]},{"code":101,"indent":1,"parameters":["",0,0,2]},{"code":401,"indent":1,"parameters":["\"Hey Alden. Don't know if you've seen these beauties"]},{"code":401,"indent":1,"parameters":["I sent down to your workroom. Give 'em a go, won't you?"]},{"code":401,"indent":1,"parameters":["They're a beautiful set of vases from the Archaic"]},{"code":401,"indent":1,"parameters":["period that need restoration. Best, Charlie"]},{"code":0,"indent":1,"parameters":[]},{"code":402,"indent":0,"parameters":[1,"Email from Charlie (3 days ago)"]},{"code":101,"indent":1,"parameters":["",0,0,2]},{"code":401,"indent":1,"parameters":["Hey Alden. How are those vases coming? Any progress?"]},{"code":401,"indent":1,"parameters":["I know they're a tough job. Keep me posted."]},{"code":401,"indent":1,"parameters":["Best, Charlie"]},{"code":0,"indent":1,"parameters":[]},{"code":402,"indent":0,"parameters":[2,"Email from Glen (2 days ago)"]},{"code":101,"indent":1,"parameters":["",0,0,2]},{"code":401,"indent":1,"parameters":["Alden, buddy! Drinks next week? Let me know."]},{"code":401,"indent":1,"parameters":["Cheers, Glen"]},{"code":0,"indent":1,"parameters":[]},{"code":402,"indent":0,"parameters":[3,"Email from Georgia (1 day ago)"]},{"code":101,"indent":1,"parameters":["",0,0,2]},{"code":401,"indent":1,"parameters":["Dear Dr. Trevino,"]},{"code":401,"indent":1,"parameters":["I'm not sure if you received my memo about that dig"]},{"code":401,"indent":1,"parameters":["happening in Greece this fall, but I'll need an answer"]},{"code":401,"indent":1,"parameters":["next week. Regards, Georgia St. Claire"]},{"code":0,"indent":1,"parameters":[]},{"code":402,"indent":0,"parameters":[4,"Not right now"]},{"code":0,"indent":1,"parameters":[]},{"code":404,"indent":0,"parameters":[]},{"code":0,"indent":0,"parameters":[]}],"moveFrequency":3,"moveRoute":{"list":[{"code":0,"parameters":[]}],"repeat":true,"skippable":false,"wait":false},"moveSpeed":3,"moveType":0,"priorityType":0,"stepAnime":false,"through":false,"trigger":0,"walkAnime":true}],"x":8,"y":5},
{"id":10,"name":"EV010","note":"","pages":[{"conditions":{"actorId":1,"actorValid":false,"itemId":1,"itemValid":false,"selfSwitchCh":"A","selfSwitchValid":false,"switch1Id":1,"switch1Valid":false,"switch2Id":1,"switch2Valid":false,"variableId":7,"variableValid":false,"variableValue":0},"directionFix":false,"image":{"tileId":90,"characterName":"","characterIndex":0,"direction":2,"pattern":0},"list":[{"code":111,"indent":0,"parameters":[1,7,0,1,0]},{"code":101,"indent":1,"parameters":["",0,0,2]},{"code":401,"indent":1,"parameters":["Another vase to fix... I have to get these done soon!"]},{"code":102,"indent":1,"parameters":[["I should start working on this.","I'm not ready to start, I need more time to prepare."],1,0,2,0]},{"code":402,"indent":1,"parameters":[0,"I should start working on this."]},{"code":108,"indent":2,"parameters":["start jigsaw puzzle"]},{"code":201,"indent":2,"parameters":[0,18,1,0,0,0]},{"code":211,"indent":2,"parameters":[0]},{"code":205,"indent":2,"parameters":[-1,{"list":[{"code":29,"parameters":[6],"indent":null},{"code":0}],"repeat":false,"skippable":false,"wait":true}]},{"code":505,"indent":2,"parameters":[{"code":29,"parameters":[6],"indent":null}]},{"code":0,"indent":2,"parameters":[]},{"code":402,"indent":1,"parameters":[1,"I'm not ready to start, I need more time to prepare."]},{"code":0,"indent":2,"parameters":[]},{"code":404,"indent":1,"parameters":[]},{"code":0,"indent":1,"parameters":[]},{"code":411,"indent":0,"parameters":[]},{"code":111,"indent":1,"parameters":[1,7,0,0,0]},{"code":101,"indent":2,"parameters":["$drface",0,0,2]},{"code":401,"indent":2,"parameters":["The first vase came in earlier.. Maybe I "]},{"code":401,"indent":2,"parameters":["should start with that one."]},{"code":0,"indent":2,"parameters":[]},{"code":411,"indent":1,"parameters":[]},{"code":111,"indent":2,"parameters":[1,5,0,5,4]},{"code":101,"indent":3,"parameters":["$drface",0,0,2]},{"code":401,"indent":3,"parameters":["It's happened twice now, this can't be a"]},{"code":401,"indent":3,"parameters":["dream! I wonder what sort of magic could"]},{"code":401,"indent":3,"parameters":["have caused this... I must find out!"]},{"code":0,"indent":3,"parameters":[]},{"code":411,"indent":2,"parameters":[]},{"code":101,"indent":3,"parameters":["$drface",0,0,2]},{"code":401,"indent":3,"parameters":["These daydreams are getting so intense... I must be"]},{"code":401,"indent":3,"parameters":["stressed."]},{"code":0,"indent":3,"parameters":[]},{"code":412,"indent":2,"parameters":[]},{"code":0,"indent":2,"parameters":[]},{"code":412,"indent":1,"parameters":[]},{"code":0,"indent":1,"parameters":[]},{"code":412,"indent":0,"parameters":[]},{"code":0,"indent":0,"parameters":[]}],"moveFrequency":3,"moveRoute":{"list":[{"code":0,"parameters":[]}],"repeat":true,"skippable":false,"wait":false},"moveSpeed":3,"moveType":0,"priorityType":0,"stepAnime":false,"through":true,"trigger":0,"walkAnime":true}],"x":13,"y":9},
{"id":11,"name":"EV011","note":"","pages":[{"conditions":{"actorId":1,"actorValid":false,"itemId":1,"itemValid":false,"selfSwitchCh":"A","selfSwitchValid":false,"switch1Id":1,"switch1Valid":false,"switch2Id":1,"switch2Valid":false,"variableId":7,"variableValid":false,"variableValue":0},"directionFix":false,"image":{"tileId":90,"characterName":"","characterIndex":0,"direction":2,"pattern":0},"list":[{"code":111,"indent":0,"parameters":[1,7,0,2,0]},{"code":101,"indent":1,"parameters":["",0,0,2]},{"code":401,"indent":1,"parameters":["The last vase!"]},{"code":102,"indent":1,"parameters":[["Better get started.","I'm tired, maybe I should start later."],1,0,2,0]},{"code":402,"indent":1,"parameters":[0,"Better get started."]},{"code":108,"indent":2,"parameters":["start jigsaw puzzle"]},{"code":201,"indent":2,"parameters":[0,19,1,0,0,0]},{"code":211,"indent":2,"parameters":[0]},{"code":205,"indent":2,"parameters":[-1,{"list":[{"code":29,"parameters":[6],"indent":null},{"code":0}],"repeat":false,"skippable":false,"wait":true}]},{"code":505,"indent":2,"parameters":[{"code":29,"parameters":[6],"indent":null}]},{"code":0,"indent":2,"parameters":[]},{"code":402,"indent":1,"parameters":[1,"I'm tired, maybe I should start later."]},{"code":0,"indent":2,"parameters":[]},{"code":404,"indent":1,"parameters":[]},{"code":0,"indent":1,"parameters":[]},{"code":411,"indent":0,"parameters":[]},{"code":111,"indent":1,"parameters":[1,7,0,2,4]},{"code":101,"indent":2,"parameters":["$drface",0,0,2]},{"code":401,"indent":2,"parameters":["The first vase came in earlier.. Maybe I "]},{"code":401,"indent":2,"parameters":["should start with that one."]},{"code":0,"indent":2,"parameters":[]},{"code":411,"indent":1,"parameters":[]},{"code":111,"indent":2,"parameters":[1,5,0,5,4]},{"code":101,"indent":3,"parameters":["$drface",0,0,2]},{"code":401,"indent":3,"parameters":["My pursuit of knowledge is finally paying off! All"]},{"code":401,"indent":3,"parameters":["those who doubted me will come to regret it. I will not"]},{"code":401,"indent":3,"parameters":["rest until I discover how to control this new power..."]},{"code":0,"indent":3,"parameters":[]},{"code":411,"indent":2,"parameters":[]},{"code":101,"indent":3,"parameters":["$drface",0,0,2]},{"code":401,"indent":3,"parameters":["These dreams are getting way too realistic, I need to"]},{"code":401,"indent":3,"parameters":["go home and get some rest."]},{"code":0,"indent":3,"parameters":[]},{"code":412,"indent":2,"parameters":[]},{"code":0,"indent":2,"parameters":[]},{"code":412,"indent":1,"parameters":[]},{"code":0,"indent":1,"parameters":[]},{"code":412,"indent":0,"parameters":[]},{"code":0,"indent":0,"parameters":[]}],"moveFrequency":3,"moveRoute":{"list":[{"code":0,"parameters":[]}],"repeat":true,"skippable":false,"wait":false},"moveSpeed":3,"moveType":0,"priorityType":0,"stepAnime":false,"through":true,"trigger":0,"walkAnime":true}],"x":14,"y":9},
{"id":12,"name":"EV012","note":"","pages":[{"conditions":{"actorId":1,"actorValid":false,"itemId":1,"itemValid":false,"selfSwitchCh":"A","selfSwitchValid":false,"switch1Id":20,"switch1Valid":true,"switch2Id":1,"switch2Valid":false,"variableId":7,"variableValid":true,"variableValue":3},"directionFix":false,"image":{"characterIndex":0,"characterName":"","direction":2,"pattern":0,"tileId":0},"list":[{"code":101,"indent":0,"parameters":["medusafaces",1,0,2]},{"code":401,"indent":0,"parameters":["That's strange... I could have sworn there"]},{"code":401,"indent":0,"parameters":["were only three amphoras here before."]},{"code":0,"indent":0,"parameters":[]}],"moveFrequency":3,"moveRoute":{"list":[{"code":0,"parameters":[]}],"repeat":true,"skippable":false,"wait":false},"moveSpeed":3,"moveType":0,"priorityType":0,"stepAnime":false,"through":false,"trigger":0,"walkAnime":true}],"x":15,"y":5},
{"id":13,"name":"EV013","note":"","pages":[{"conditions":{"actorId":1,"actorValid":false,"itemId":1,"itemValid":false,"selfSwitchCh":"A","selfSwitchValid":false,"switch1Id":1,"switch1Valid":false,"switch2Id":1,"switch2Valid":false,"variableId":1,"variableValid":false,"variableValue":0},"directionFix":false,"image":{"characterIndex":0,"characterName":"","direction":2,"pattern":0,"tileId":0},"list":[{"code":111,"indent":0,"parameters":[0,21,0]},{"code":111,"indent":1,"parameters":[1,7,0,1,0]},{"code":111,"indent":2,"parameters":[1,5,0,5,4]},{"code":223,"indent":3,"parameters":[[-20,-20,-20,0],60,false]},{"code":0,"indent":3,"parameters":[]},{"code":411,"indent":2,"parameters":[]},{"code":223,"indent":3,"parameters":[[0,0,0,0],60,false]},{"code":0,"indent":3,"parameters":[]},{"code":412,"indent":2,"parameters":[]},{"code":108,"indent":2,"parameters":["Convo with wife"]},{"code":101,"indent":2,"parameters":["",7,0,2]},{"code":401,"indent":2,"parameters":["Hello? Al?"]},{"code":102,"indent":2,"parameters":[["Soph, I'm sorry. I've told you I can't talk when I'm working","Hi, yes I'm here. I'm sorry, tonight's going to be a late one again."],1,0,2,0]},{"code":402,"indent":2,"parameters":[0,"Soph, I'm sorry. I've told you I can't talk when I'm working"]},{"code":122,"indent":3,"parameters":[5,5,2,0,1]},{"code":0,"indent":3,"parameters":[]},{"code":402,"indent":2,"parameters":[1,"Hi, yes I'm here. I'm sorry, tonight's going to be a late one again."]},{"code":122,"indent":3,"parameters":[5,5,1,0,1]},{"code":0,"indent":3,"parameters":[]},{"code":404,"indent":2,"parameters":[]},{"code":101,"indent":2,"parameters":["",7,0,2]},{"code":401,"indent":2,"parameters":["We need to talk about this sooner or later."]},{"code":401,"indent":2,"parameters":["You've been there every night this week."]},{"code":102,"indent":2,"parameters":[["I know, I'm sorry.","Can we do this when I get home, please, Sophie?"],1,0,2,0]},{"code":402,"indent":2,"parameters":[0,"I know, I'm sorry."]},{"code":122,"indent":3,"parameters":[5,5,1,0,1]},{"code":250,"indent":3,"parameters":[{"name":"dr","volume":90,"pitch":100,"pan":0}]},{"code":101,"indent":3,"parameters":["medusafaces",6,0,2]},{"code":401,"indent":3,"parameters":["I've been swamped here with these new"]},{"code":401,"indent":3,"parameters":["amphoras."]},{"code":101,"indent":3,"parameters":["",7,0,2]},{"code":401,"indent":3,"parameters":["I know you're busy... You know I love what"]},{"code":401,"indent":3,"parameters":["you're doing but we need to make a schedule"]},{"code":401,"indent":3,"parameters":["so you can see the kids. And me..."]},{"code":102,"indent":3,"parameters":[["That's a good plan, I promise we'll work it out in the morning.","It's my work, Soph. My career."],1,0,2,0]},{"code":402,"indent":3,"parameters":[0,"That's a good plan, I promise we'll work it out in the morning."]},{"code":122,"indent":4,"parameters":[5,5,1,0,1]},{"code":0,"indent":4,"parameters":[]},{"code":402,"indent":3,"parameters":[1,"It's my work, Soph. My career."]},{"code":122,"indent":4,"parameters":[5,5,2,0,1]},{"code":250,"indent":4,"parameters":[{"name":"dr","volume":90,"pitch":100,"pan":0}]},{"code":101,"indent":4,"parameters":["medusafaces",6,0,2]},{"code":401,"indent":4,"parameters":["You know how important it is to me. Why"]},{"code":401,"indent":4,"parameters":["can't you support that?"]},{"code":101,"indent":4,"parameters":["",7,0,2]},{"code":401,"indent":4,"parameters":["Why can't I-? Nevermind. Fine, Al. We'll"]},{"code":401,"indent":4,"parameters":["talk about it tomorrow."]},{"code":0,"indent":4,"parameters":[]},{"code":404,"indent":3,"parameters":[]},{"code":0,"indent":3,"parameters":[]},{"code":402,"indent":2,"parameters":[1,"Can we do this when I get home, please, Sophie?"]},{"code":122,"indent":3,"parameters":[5,5,2,0,1]},{"code":101,"indent":3,"parameters":["",7,0,2]},{"code":401,"indent":3,"parameters":["Fine, but something needs to change here."]},{"code":0,"indent":3,"parameters":[]},{"code":404,"indent":2,"parameters":[]},{"code":123,"indent":2,"parameters":["A",0]},{"code":0,"indent":2,"parameters":[]},{"code":412,"indent":1,"parameters":[]},{"code":111,"indent":1,"parameters":[1,7,0,2,0]},{"code":123,"indent":2,"parameters":["A",0]},{"code":0,"indent":2,"parameters":[]},{"code":412,"indent":1,"parameters":[]},{"code":0,"indent":1,"parameters":[]},{"code":412,"indent":0,"parameters":[]},{"code":0,"indent":0,"parameters":[]}],"moveFrequency":3,"moveRoute":{"list":[{"code":0,"parameters":[]}],"repeat":true,"skippable":false,"wait":false},"moveSpeed":3,"moveType":0,"priorityType":0,"stepAnime":false,"through":false,"trigger":4,"walkAnime":true},{"conditions":{"actorId":1,"actorValid":false,"itemId":1,"itemValid":false,"selfSwitchCh":"A","selfSwitchValid":true,"switch1Id":1,"switch1Valid":false,"switch2Id":1,"switch2Valid":false,"variableId":1,"variableValid":false,"variableValue":0},"directionFix":false,"image":{"characterIndex":0,"characterName":"","direction":2,"pattern":0,"tileId":0},"list":[{"code":0,"indent":0,"parameters":[]}],"moveFrequency":3,"moveRoute":{"list":[{"code":0,"parameters":[]}],"repeat":true,"skippable":false,"wait":false},"moveSpeed":3,"moveType":0,"priorityType":0,"stepAnime":false,"through":false,"trigger":0,"walkAnime":true}],"x":2,"y":0},
{"id":14,"name":"EV014","note":"","pages":[{"conditions":{"actorId":1,"actorValid":false,"itemId":1,"itemValid":false,"selfSwitchCh":"A","selfSwitchValid":false,"switch1Id":20,"switch1Valid":true,"switch2Id":1,"switch2Valid":false,"variableId":7,"variableValid":true,"variableValue":3},"directionFix":false,"image":{"tileId":402,"characterName":"","characterIndex":0,"direction":2,"pattern":0},"list":[{"code":0,"indent":0,"parameters":[]}],"moveFrequency":3,"moveRoute":{"list":[{"code":0,"parameters":[]}],"repeat":true,"skippable":false,"wait":false},"moveSpeed":3,"moveType":0,"priorityType":0,"stepAnime":false,"through":false,"trigger":0,"walkAnime":true}],"x":15,"y":4},
{"id":15,"name":"EV015","note":"","pages":[{"conditions":{"actorId":1,"actorValid":false,"itemId":1,"itemValid":false,"selfSwitchCh":"A","selfSwitchValid":false,"switch1Id":1,"switch1Valid":false,"switch2Id":1,"switch2Valid":false,"variableId":1,"variableValid":false,"variableValue":0},"directionFix":false,"image":{"characterIndex":0,"characterName":"","direction":2,"pattern":0,"tileId":0},"list":[{"code":111,"indent":0,"parameters":[1,7,0,1,0]},{"code":101,"indent":1,"parameters":["medusafaces",6,0,2]},{"code":401,"indent":1,"parameters":["It's the next amphora."]},{"code":102,"indent":1,"parameters":[["I should get started on this.","Not right now, I have some things to do first."],1,0,2,0]},{"code":402,"indent":1,"parameters":[0,"I should get started on this."]},{"code":108,"indent":2,"parameters":["start jigsaw puzzle"]},{"code":201,"indent":2,"parameters":[0,18,2,0,0,0]},{"code":211,"indent":2,"parameters":[0]},{"code":205,"indent":2,"parameters":[-1,{"list":[{"code":29,"parameters":[6],"indent":null},{"code":0}],"repeat":false,"skippable":false,"wait":true}]},{"code":505,"indent":2,"parameters":[{"code":29,"parameters":[6],"indent":null}]},{"code":0,"indent":2,"parameters":[]},{"code":402,"indent":1,"parameters":[1,"Not right now, I have some things to do first."]},{"code":0,"indent":2,"parameters":[]},{"code":404,"indent":1,"parameters":[]},{"code":0,"indent":1,"parameters":[]},{"code":411,"indent":0,"parameters":[]},{"code":111,"indent":1,"parameters":[1,7,0,1,4]},{"code":101,"indent":2,"parameters":["medusafaces",6,0,2]},{"code":401,"indent":2,"parameters":["I still need to finish the first vase"]},{"code":401,"indent":2,"parameters":["before I can start on this one."]},{"code":0,"indent":2,"parameters":[]},{"code":411,"indent":1,"parameters":[]},{"code":111,"indent":2,"parameters":[1,5,0,5,4]},{"code":101,"indent":3,"parameters":["medusafaces",6,0,2]},{"code":401,"indent":3,"parameters":["It's happened twice now, this can't be a"]},{"code":401,"indent":3,"parameters":["dream! I wonder what sort of magic could"]},{"code":401,"indent":3,"parameters":["have cause this... I must find out!"]},{"code":0,"indent":3,"parameters":[]},{"code":411,"indent":2,"parameters":[]},{"code":101,"indent":3,"parameters":["medusafaces",6,0,2]},{"code":401,"indent":3,"parameters":["I need to sleep more, I'm starting to have"]},{"code":401,"indent":3,"parameters":["the most vivid dreams."]},{"code":0,"indent":3,"parameters":[]},{"code":412,"indent":2,"parameters":[]},{"code":0,"indent":2,"parameters":[]},{"code":412,"indent":1,"parameters":[]},{"code":0,"indent":1,"parameters":[]},{"code":412,"indent":0,"parameters":[]},{"code":0,"indent":0,"parameters":[]}],"moveFrequency":3,"moveRoute":{"list":[{"code":0,"parameters":[]}],"repeat":true,"skippable":false,"wait":false},"moveSpeed":3,"moveType":0,"priorityType":0,"stepAnime":false,"through":false,"trigger":0,"walkAnime":true}],"x":13,"y":5},
{"id":16,"name":"EV016","note":"","pages":[{"conditions":{"actorId":1,"actorValid":false,"itemId":1,"itemValid":false,"selfSwitchCh":"A","selfSwitchValid":false,"switch1Id":1,"switch1Valid":false,"switch2Id":1,"switch2Valid":false,"variableId":1,"variableValid":false,"variableValue":0},"directionFix":false,"image":{"characterIndex":0,"characterName":"","direction":2,"pattern":0,"tileId":0},"list":[{"code":111,"indent":0,"parameters":[1,7,0,2,0]},{"code":101,"indent":1,"parameters":["medusafaces",6,0,2]},{"code":401,"indent":1,"parameters":["The last amphora! I should get to work."]},{"code":102,"indent":1,"parameters":[["Let's go!","Maybe later."],1,0,2,0]},{"code":402,"indent":1,"parameters":[0,"Let's go!"]},{"code":108,"indent":2,"parameters":["start jigsaw puzzle"]},{"code":201,"indent":2,"parameters":[0,19,2,0,0,0]},{"code":211,"indent":2,"parameters":[0]},{"code":205,"indent":2,"parameters":[-1,{"list":[{"code":29,"parameters":[6],"indent":null},{"code":0}],"repeat":false,"skippable":false,"wait":true}]},{"code":505,"indent":2,"parameters":[{"code":29,"parameters":[6],"indent":null}]},{"code":0,"indent":2,"parameters":[]},{"code":402,"indent":1,"parameters":[1,"Maybe later."]},{"code":0,"indent":2,"parameters":[]},{"code":404,"indent":1,"parameters":[]},{"code":0,"indent":1,"parameters":[]},{"code":411,"indent":0,"parameters":[]},{"code":111,"indent":1,"parameters":[1,7,0,2,4]},{"code":101,"indent":2,"parameters":["medusafaces",6,0,2]},{"code":401,"indent":2,"parameters":["There are still other amphoras to complete,"]},{"code":401,"indent":2,"parameters":["I should work on those first."]},{"code":0,"indent":2,"parameters":[]},{"code":411,"indent":1,"parameters":[]},{"code":111,"indent":2,"parameters":[1,5,0,5,4]},{"code":101,"indent":3,"parameters":["medusafaces",1,0,2]},{"code":401,"indent":3,"parameters":["My pursuit of knowledge is finally paying"]},{"code":401,"indent":3,"parameters":["off! All those who doubted me will come to"]},{"code":401,"indent":3,"parameters":["regret it. I will not rest until I discover"]},{"code":401,"indent":3,"parameters":["how to control this new power..."]},{"code":0,"indent":3,"parameters":[]},{"code":411,"indent":2,"parameters":[]},{"code":101,"indent":3,"parameters":["medusafaces",6,0,2]},{"code":401,"indent":3,"parameters":["What an odd night, these dreams are getting"]},{"code":401,"indent":3,"parameters":["so realistic... I should go home and rest."]},{"code":0,"indent":3,"parameters":[]},{"code":412,"indent":2,"parameters":[]},{"code":0,"indent":2,"parameters":[]},{"code":412,"indent":1,"parameters":[]},{"code":0,"indent":1,"parameters":[]},{"code":412,"indent":0,"parameters":[]},{"code":0,"indent":0,"parameters":[]}],"moveFrequency":3,"moveRoute":{"list":[{"code":0,"parameters":[]}],"repeat":true,"skippable":false,"wait":false},"moveSpeed":3,"moveType":0,"priorityType":0,"stepAnime":false,"through":false,"trigger":0,"walkAnime":true}],"x":14,"y":5}
]
}