{
"autoplayBgm":true,"autoplayBgs":false,"battleback1Name":"","battleback2Name":"","bgm":{"name":"pandoramusic","pan":0,"pitch":100,"volume":90},"bgs":{"name":"","pan":0,"pitch":100,"volume":90},"disableDashing":false,"displayName":"","encounterList":[],"encounterStep":30,"height":13,"note":"","parallaxLoopX":false,"parallaxLoopY":false,"parallaxName":"","parallaxShow":true,"parallaxSx":0,"parallaxSy":0,"scrollType":0,"specifyBattleback":false,"tilesetId":7,"width":16,
"data":[0,0,0,0,0,0,0,0,0,0,0,0,0,0,0,0,0,0,0,0,0,0,0,0,0,0,0,0,0,0,0,0,0,0,0,0,0,0,0,0,0,0,0,0,0,0,0,0,0,0,0,0,0,0,0,0,0,0,0,0,0,0,0,0,0,0,0,0,0,0,0,0,0,0,0,0,0,0,0,0,0,0,0,0,0,0,0,0,0,0,0,0,0,0,0,0,0,0,0,0,0,0,0,0,0,0,0,0,0,0,0,0,0,0,0,0,0,0,0,0,0,0,0,0,0,0,0,0,0,0,0,0,0,0,0,0,0,0,0,0,0,0,0,0,0,0,0,0,0,0,0,0,0,0,0,0,0,0,0,0,0,0,0,0,0,0,0,0,0,0,0,0,0,0,0,0,0,0,0,0,0,0,0,0,0,0,0,0,0,0,0,0,0,0,0,0,0,0,0,0,0,0,0,0,0,0,0,0,0,0,0,0,0,0,0,0,0,0,0,0,0,0,0,0,0,0,0,0,0,0,0,0,0,0,0,0,0,0,0,0,0,0,0,0,0,0,0,0,0,0,0,0,0,0,0,0,0,0,0,0,0,0,0,0,0,0,0,0,0,0,0,0,0,0,0,0,0,0,0,0,0,0,0,0,0,0,0,0,0,0,0,0,0,0,0,0,0,0,0,0,0,0,0,0,0,0,0,0,0,0,0,0,0,0,0,0,0,0,0,0,0,0,0,0,0,0,0,0,0,0,0,0,0,0,0,0,0,0,0,0,0,0,0,0,0,0,0,0,0,0,0,0,0,0,0,0,0,0,0,0,0,0,0,0,0,0,0,0,0,0,0,0,0,0,0,0,0,0,0,0,0,0,0,0,0,0,0,0,0,0,0,0,0,0,0,0,0,0,0,0,0,0,0,0,0,0,0,0,0,0,0,0,0,0,0,0,256,0,0,0,0,0,0,0,256,0,0,0,0,0,0,0,0,0,0,0,0,0,0,0,0,0,0,0,0,0,0,0,0,0,0,0,0,0,0,0,0,0,0,0,0,0,0,0,0,0,0,0,0,0,0,0,0,0,0,0,0,0,0,0,0,0,0,0,0,0,0,0,0,0,0,0,0,0,0,0,0,0,0,0,0,0,0,0,0,0,0,0,0,0,0,0,0,0,0,0,0,0,0,0,0,0,0,0,0,0,0,0,0,0,0,0,0,0,0,0,0,0,0,0,0,0,0,0,384,384,384,384,384,384,384,384,384,384,384,384,384,384,384,384,392,393,392,393,392,393,392,393,392,393,392,393,392,393,392,393,392,393,392,393,392,393,392,393,392,393,392,393,392,393,392,393,392,393,392,393,392,393,392,393,392,393,392,393,392,393,392,393,392,393,392,393,392,393,392,393,392,393,392,393,392,393,392,393,260,257,258,259,260,261,262,263,260,257,258,259,260,261,262,263,264,265,266,267,268,269,270,271,264,265,266,267,268,269,270,271,272,273,274,275,276,277,278,279,272,273,274,275,276,277,278,279,280,281,282,283,284,285,286,287,280,281,282,283,284,285,286,287,288,289,290,291,292,293,294,295,288,289,290,291,292,293,294,295,296,297,298,299,300,301,302,303,296,297,298,299,300,301,302,303,304,305,306,307,308,309,310,311,304,305,306,307,308,309,310,311,312,313,314,315,316,317,318,319,312,313,314,315,316,317,318,319,128,128,128,128,128,128,128,128,128,128,128,128,128,128,128,128,136,137,136,137,136,137,136,137,136,137,136,137,136,137,136,137,136,137,136,137,136,137,136,137,136,137,136,137,136,137,136,137,136,137,136,137,136,137,136,137,136,137,136,137,136,137,136,137,136,137,136,137,136,137,136,137,136,137,136,137,136,137,136,137,0,0,0,0,0,0,0,0,0,0,0,0,0,0,0,0,0,0,0,0,0,0,0,0,0,0,0,0,0,0,0,0,0,0,0,0,0,0,0,0,0,0,0,0,0,0,0,0,0,0,0,0,0,0,0,0,0,0,0,0,0,0,0,0,0,0,0,0,0,0,0,0,0,0,0,0,0,0,0,0,0,0,0,0,0,0,0,0,0,0,0,0,0,0,0,0,0,0,0,0,0,0,0,0,0,0,0,0,0,0,0,0,0,0,0,0,0,0,0,0,0,0,0,0,0,0,0,0,0,0,0,0,0,0,0,0,0,0,0,0,0,0,0,0,0,0,0,0,0,0,0,0,0,0,0,0,0,0,0,0,0,0,0,0,0,0,0,0,0,0,0,0,0,0,0,0,0,0,0,0,0,0,0,0,0,0,0,0,0,0,0,0,0,0,0,0,0,0,0,0,0,0,0,0,0,0,0,0,0,0,0,0,0,0,0,0,0,0,0,0,0,0,0,0,0,0,0,0,0,0,0,0,0,0,0,0,0,0,0,0,0,0,0,0,0,0,0,0,0,0,0,0,0,0,0,0,0,0,0,0,0,0,0,0,0,0,0,0,0,0,0,0,0,0,0,0,0,0,0,0,0,0,0,0,0,0,0,0,0,0,0,0,0,0,0,0,0,0,0,0,0,0,0,0,0,0,0,0,0,0,0,0,0,0,0,0,0,0,0,0,0,0,0,0,0,0,0,0,0,0,0,0,0,0,0,0,0,0,0,0,0,0,0,0,0,0,0,0,0,0,0,0,0,0,0,0,0,0,0,0,0,0,0,0,0,0,0,0,0,0,0,0,0,0,0,0,0,0,0,0,0,0,0,0,0,0,0,0,0,0,0,0,0,0,0,0,0,0,0,0,0,0,0,0,0,0,0,0,0,0,0,0,0,0,0,0],
"events":[
null,
{"id":1,"name":"EV001","note":"","pages":[{"conditions":{"actorId":1,"actorValid":false,"itemId":1,"itemValid":false,"selfSwitchCh":"A","selfSwitchValid":false,"switch1Id":1,"switch1Valid":false,"switch2Id":1,"switch2Valid":false,"variableId":1,"variableValid":false,"variableValue":0},"directionFix":true,"image":{"tileId":0,"characterName":"$!pandora","direction":4,"pattern":1,"characterIndex":0},"list":[{"code":250,"indent":0,"parameters":[{"name":"pandora","volume":90,"pitch":100,"pan":0}]},{"code":101,"indent":0,"parameters":["medusafaces",3,0,2]},{"code":401,"indent":0,"parameters":["We made it! Epithemeus is just down from"]},{"code":401,"indent":0,"parameters":["here. Thank you for helping me."]},{"code":101,"indent":0,"parameters":["medusafaces",3,0,2]},{"code":401,"indent":0,"parameters":["I keep wondering what could be in here"]},{"code":401,"indent":0,"parameters":["though... You don't think Zeus will know"]},{"code":401,"indent":0,"parameters":["if I just take one small look, will he?"]},{"code":102,"indent":0,"parameters":[["I'm sure he wouldn't notice.","He told you not to open it, you should listen to him."],1,0,2,0]},{"code":402,"indent":0,"parameters":[0,"I'm sure he wouldn't notice."]},{"code":250,"indent":1,"parameters":[{"name":"dr","volume":90,"pitch":100,"pan":0}]},{"code":101,"indent":1,"parameters":["medusafaces",1,0,2]},{"code":401,"indent":1,"parameters":["I'm curious too. I can't help but wonder"]},{"code":401,"indent":1,"parameters":["what is actually inside."]},{"code":122,"indent":1,"parameters":[5,5,2,0,1]},{"code":221,"indent":1,"parameters":[]},{"code":261,"indent":1,"parameters":["badendpandora"]},{"code":108,"indent":1,"parameters":["CUTSCENCE HERERERER"]},{"code":0,"indent":1,"parameters":[]},{"code":402,"indent":0,"parameters":[1,"He told you not to open it, you should listen to him."]},{"code":250,"indent":1,"parameters":[{"name":"dr","volume":90,"pitch":100,"pan":0}]},{"code":101,"indent":1,"parameters":["medusafaces",1,0,2]},{"code":401,"indent":1,"parameters":["I know what it's like to be obsessed with"]},{"code":401,"indent":1,"parameters":["something material, but the thing that's"]},{"code":401,"indent":1,"parameters":["really important is the people around you."]},{"code":101,"indent":1,"parameters":["medusafaces",1,0,2]},{"code":401,"indent":1,"parameters":["You should go to Epithemeus now. Goodbye,"]},{"code":401,"indent":1,"parameters":["Pandora."]},{"code":122,"indent":1,"parameters":[5,5,1,0,1]},{"code":108,"indent":1,"parameters":["CUTSCENCE HERERERER"]},{"code":0,"indent":1,"parameters":[]},{"code":404,"indent":0,"parameters":[]},{"code":223,"indent":0,"parameters":[[-255,-255,-255,0],1,true]},{"code":122,"indent":0,"parameters":[7,7,1,0,1]},{"code":111,"indent":0,"parameters":[1,5,0,5,4]},{"code":322,"indent":1,"parameters":[1,"$!drwalking",0,"medusafaces",1,"Actor1_1"]},{"code":0,"indent":1,"parameters":[]},{"code":411,"indent":0,"parameters":[]},{"code":322,"indent":1,"parameters":[1,"$!drwalkingreal",0,"medusafaces",6,"Actor1_1"]},{"code":0,"indent":1,"parameters":[]},{"code":412,"indent":0,"parameters":[]},{"code":201,"indent":0,"parameters":[0,12,11,5,2,0]},{"code":0,"indent":0,"parameters":[]}],"moveFrequency":3,"moveRoute":{"list":[{"code":0,"parameters":[]}],"repeat":true,"skippable":false,"wait":false},"moveSpeed":3,"moveType":0,"priorityType":1,"stepAnime":false,"through":false,"trigger":0,"walkAnime":true}],"x":13,"y":7},
{"id":2,"name":"EV002","note":"","pages":[{"conditions":{"actorId":1,"actorValid":false,"itemId":1,"itemValid":false,"selfSwitchCh":"A","selfSwitchValid":false,"switch1Id":1,"switch1Valid":false,"switch2Id":1,"switch2Valid":false,"variableId":1,"variableValid":false,"variableValue":0},"directionFix":false,"image":{"characterIndex":0,"characterName":"","direction":2,"pattern":0,"tileId":0},"list":[{"code":111,"indent":0,"parameters":[1,5,0,0,4]},{"code":122,"indent":1,"parameters":[5,5,0,0,0]},{"code":0,"indent":1,"parameters":[]},{"code":412,"indent":0,"parameters":[]},{"code":111,"indent":0,"parameters":[1,5,1,6,3]},{"code":122,"indent":1,"parameters":[5,5,0,1,6]},{"code":0,"indent":1,"parameters":[]},{"code":412,"indent":0,"parameters":[]},{"code":0,"indent":0,"parameters":[]}],"moveFrequency":3,"moveRoute":{"list":[{"code":0,"parameters":[]}],"repeat":true,"skippable":false,"wait":false},"moveSpeed":3,"moveType":0,"priorityType":0,"stepAnime":false,"through":false,"trigger":4,"walkAnime":true}],"x":0,"y":0},
{"id":3,"name":"EV003","note":"","pages":[{"conditions":{"actorId":1,"actorValid":false,"itemId":1,"itemValid":false,"selfSwitchCh":"A","selfSwitchValid":false,"switch1Id":1,"switch1Valid":false,"switch2Id":1,"switch2Valid":false,"variableId":1,"variableValid":false,"variableValue":0},"directionFix":false,"image":{"characterIndex":0,"characterName":"","direction":2,"pattern":0,"tileId":0},"list":[{"code":355,"indent":0,"parameters":["Galv.VBAR.create(0,\"ObsessionScrollFull\",\"ObsessionScrollEmpty\",5,6,10,10,0,0);"]},{"code":123,"indent":0,"parameters":["A",0]},{"code":0,"indent":0,"parameters":[]}],"moveFrequency":3,"moveRoute":{"list":[{"code":0,"parameters":[]}],"repeat":true,"skippable":false,"wait":false},"moveSpeed":3,"moveType":0,"priorityType":0,"stepAnime":false,"through":false,"trigger":4,"walkAnime":true},{"conditions":{"actorId":1,"actorValid":false,"itemId":1,"itemValid":false,"selfSwitchCh":"A","selfSwitchValid":true,"switch1Id":1,"switch1Valid":false,"switch2Id":1,"switch2Valid":false,"variableId":1,"variableValid":false,"variableValue":0},"directionFix":false,"image":{"characterIndex":0,"characterName":"","direction":2,"pattern":0,"tileId":0},"list":[{"code":0,"indent":0,"parameters":[]}],"moveFrequency":3,"moveRoute":{"list":[{"code":0,"parameters":[]}],"repeat":true,"skippable":false,"wait":false},"moveSpeed":3,"moveType":0,"priorityType":0,"stepAnime":false,"through":false,"trigger":0,"walkAnime":true}],"x":1,"y":1}
]
}